u,e,k,min,threshold,value,Topic Recall,Class Entropy,Cluster Entropy,Total Entropy,Mean_Newsworthiness,NumberOfEvents
1,2,10,8,6,3,0.6000,0.7771,1.1392,0.9831,0.7352,80
1,3,10,8,6,3,0.6000,0.7585,1.1282,0.9713,0.7370,80
1,5,10,8,6,3,0.6000,0.8212,1.0924,0.9820,0.7264,80
1,10,10,4,5,5,0.6000,0.9130,1.2075,1.0856,0.6099,80
1,10,10,4,5,10,0.6000,0.9409,1.1863,1.0845,0.5614,80
1,10,10,4,10,5,0.6000,0.9311,1.2111,1.0889,0.6043,113
1,10,10,4,10,10,0.6000,0.9766,1.1754,1.0894,0.5991,161
1,10,10,4,15,5,0.6000,0.9843,1.2833,1.1583,0.5558,205
1,10,10,4,15,10,0.6000,1.1207,1.1608,1.1406,0.5608,275
1,10,10,6,5,5,0.6000,0.9420,1.1494,1.0597,0.5787,80
1,10,10,6,5,10,0.6000,0.9550,1.1209,1.0544,0.5672,80
1,10,10,6,10,5,0.6000,0.9364,1.1378,1.0500,0.6151,125
1,10,10,6,10,10,0.6000,0.9884,1.1195,1.0597,0.5528,166
1,10,10,6,15,5,0.6000,0.9727,1.2594,1.1438,0.5601,205
1,10,10,6,15,10,0.6000,1.0925,1.1463,1.1275,0.6015,280
1,10,15,4,5,5,0.6000,1.0728,1.1711,1.1281,0.5520,80
1,10,15,4,5,10,0.6000,1.0609,1.1822,1.1302,0.4919,80
1,10,15,4,10,5,0.6000,1.0634,1.1144,1.0918,0.6037,107
1,10,15,4,10,10,0.6000,1.1137,1.1270,1.1251,0.5507,166
1,10,15,4,15,5,0.6000,1.1280,1.1838,1.1653,0.5258,189
1,10,15,4,15,10,0.6000,1.2839,1.0416,1.1437,0.5499,256
1,10,15,6,5,5,0.6000,1.0565,1.1423,1.1016,0.6170,80
1,10,15,6,5,10,0.6000,1.0626,1.1484,1.1095,0.5177,80
1,10,15,6,10,5,0.6000,1.0671,1.0771,1.0708,0.6178,108
1,10,15,6,10,10,0.6000,1.1117,1.0701,1.0839,0.5534,136
1,10,15,6,15,5,0.6000,1.1491,1.1063,1.1253,0.5149,187
1,10,15,6,15,10,0.6000,1.2756,1.0185,1.1269,0.5556,260
1,10,20,4,5,5,0.6000,1.2760,1.1926,1.2245,0.4826,80
1,10,20,4,5,10,0.6000,1.2820,1.1517,1.2070,0.4793,80
1,10,20,4,10,5,0.6000,1.3115,1.0908,1.1859,0.5611,119
1,10,20,4,10,10,0.6000,1.3829,1.0440,1.1839,0.5250,131
1,10,20,4,15,5,0.6000,1.3353,1.0465,1.1717,0.5844,191
1,10,20,4,15,10,0.6000,1.5158,0.9062,1.1613,0.5786,239
1,10,20,6,5,5,0.6000,1.2906,1.1546,1.2127,0.5354,80
1,10,20,6,5,10,0.6000,1.2823,1.1283,1.1917,0.4805,80
1,10,20,6,10,5,0.6000,1.2930,1.0857,1.1765,0.5143,95
1,10,20,6,10,10,0.6000,1.3475,1.0783,1.1931,0.5017,155
1,10,20,6,15,5,0.6000,1.3326,1.0653,1.1824,0.5416,179
1,10,20,6,15,10,0.6000,1.5002,0.8801,1.1380,0.4779,246
1,20,10,4,5,5,0.6000,1.3790,1.0409,1.1829,0.6927,80
1,20,10,4,5,10,0.6000,1.3450,1.0843,1.1986,0.6754,99
1,20,10,4,10,5,0.6000,1.3712,1.0917,1.2117,0.7135,155
1,20,10,4,10,10,0.6000,1.4658,0.9721,1.1806,0.6870,217
1,20,10,4,15,5,0.6000,1.4644,1.0647,1.2367,0.7208,251
1,20,10,4,15,10,0.6000,1.5766,0.9007,1.1858,0.7037,357
1,20,10,6,5,5,0.6000,1.3947,1.0364,1.1833,0.6972,80
1,20,10,6,5,10,0.6000,1.3532,1.0515,1.1812,0.7211,83
1,20,10,6,10,5,0.6000,1.3830,1.0354,1.1841,0.7000,143
1,20,10,6,10,10,0.6000,1.4350,0.9853,1.1784,0.6821,211
1,20,10,6,15,5,0.6000,1.4345,1.0621,1.2159,0.6906,251
1,20,10,6,15,10,0.6000,1.5901,0.8697,1.1745,0.7394,355
1,20,15,4,5,5,0.6000,1.5328,0.9239,1.1811,0.6573,80
1,20,15,4,5,10,0.6000,1.5347,0.9417,1.1941,0.6778,80
1,20,15,4,10,5,0.6000,1.5858,0.8723,1.1693,0.6639,131
1,20,15,4,10,10,0.6000,1.6494,0.7608,1.1378,0.6396,194
1,20,15,4,15,5,0.6000,1.6113,0.8362,1.1608,0.7123,234
1,20,15,4,15,10,0.6000,1.7526,0.5534,1.0612,0.6729,325
1,20,15,6,5,5,0.6000,1.5231,0.9336,1.1817,0.7004,80
1,20,15,6,5,10,0.6000,1.5058,0.9341,1.1752,0.6554,96
1,20,15,6,10,5,0.6000,1.5381,0.8668,1.1537,0.6707,155
1,20,15,6,10,10,0.6000,1.6297,0.7768,1.1347,0.6280,207
1,20,15,6,15,5,0.6000,1.5876,0.8267,1.1466,0.6758,232
1,20,15,6,15,10,0.6000,1.7767,0.4986,1.0310,0.6364,338
1,20,20,4,5,5,0.6000,1.8000,0.4311,1.0067,0.6689,80
1,20,20,4,5,10,0.6000,1.7402,0.6848,1.1244,0.6227,85
1,20,20,4,10,5,0.6000,1.7845,0.4896,1.0350,0.6379,138
1,20,20,4,10,10,0.6000,1.8000,0.4368,1.0045,0.6621,181
1,20,20,4,15,5,0.6000,1.8000,0.3917,0.9814,0.7131,207
1,20,20,4,15,10,0.6000,1.8000,0.4130,0.9932,0.6313,312
1,20,20,6,5,5,0.6000,1.7928,0.4692,1.0276,0.6749,80
1,20,20,6,5,10,0.6000,1.7428,0.6561,1.1097,0.6657,85
1,20,20,6,10,5,0.6000,1.7807,0.4964,1.0351,0.6702,127
1,20,20,6,10,10,0.6000,1.8000,0.3906,0.9805,0.6384,196
1,20,20,6,15,5,0.6000,1.8000,0.3717,0.9756,0.7237,217
1,20,20,6,15,10,0.6000,1.8000,0.3631,0.9653,0.7113,322
2,2,10,8,6,3,0.6000,0.7357,1.0382,0.9107,0.7294,80
2,3,10,8,6,3,0.6000,0.7088,1.1050,0.9287,0.7670,80
2,5,10,8,6,3,0.6000,0.7243,1.0787,0.9203,0.6998,80
2,10,10,8,6,3,0.6000,0.9231,1.0768,1.0143,0.6509,80
2,20,10,8,6,3,0.6000,1.3425,1.0000,1.1490,0.7561,80
3,2,10,4,5,5,0.6000,0.6532,1.0754,0.8902,0.7825,80
3,2,10,4,5,10,0.6000,0.6746,1.1137,0.9146,0.7942,80
3,2,10,4,10,5,0.6000,0.6797,1.1283,0.9269,0.8206,80
3,2,10,4,10,10,0.6000,0.7242,1.1322,0.9460,0.7600,95
3,2,10,4,15,5,0.6000,0.7701,1.2156,1.0164,0.7811,109
3,2,10,4,15,10,0.6000,0.8737,1.2077,1.0539,0.7564,142
3,2,10,8,5,5,0.6000,0.6844,1.0166,0.8640,0.7599,80
3,2,10,8,5,10,0.6000,0.7147,1.0378,0.8957,0.7843,80
3,2,10,8,10,5,0.6000,0.6984,1.0656,0.9012,0.7182,80
3,2,10,8,10,10,0.6000,0.7317,1.0942,0.9286,0.7315,88
3,2,10,8,15,5,0.6000,0.7410,1.1935,0.9923,0.7388,112
3,2,10,8,15,10,0.6000,0.8884,1.1142,1.0103,0.7255,153
3,3,10,4,5,5,0.6000,0.6644,1.0781,0.8949,0.7475,80
3,3,10,4,5,10,0.6000,0.6571,1.1439,0.9257,0.7091,80
3,3,10,4,10,5,0.6000,0.6500,1.1117,0.9077,0.7415,89
3,3,10,4,10,10,0.6000,0.7411,1.1203,0.9484,0.7374,108
3,3,10,4,15,5,0.6000,0.7449,1.2132,1.0002,0.7333,117
3,3,10,4,15,10,0.6000,0.8183,1.2393,1.0505,0.7482,190
3,3,10,8,5,5,0.6000,0.6881,1.0271,0.8719,0.7400,80
3,3,10,8,5,10,0.6000,0.6600,1.1086,0.9017,0.7627,80
3,3,10,8,10,5,0.6000,0.6481,1.0655,0.8778,0.7995,88
3,3,10,8,10,10,0.6000,0.7212,1.1039,0.9287,0.7785,97
3,3,10,8,15,5,0.6000,0.7313,1.1501,0.9573,0.7750,133
3,3,10,8,15,10,0.6000,0.8521,1.1483,1.0194,0.7908,192
3,5,10,4,5,5,0.6000,0.6984,1.1057,0.9186,0.7049,80
3,5,10,4,5,10,0.6000,0.7199,1.1214,0.9418,0.7069,80
3,5,10,4,10,5,0.6000,0.7242,1.1160,0.9380,0.6990,91
3,5,10,4,10,10,0.6000,0.7894,1.1019,0.9593,0.7308,139
3,5,10,4,15,5,0.6000,0.7988,1.2351,1.0426,0.7535,179
3,5,10,4,15,10,0.6000,0.9071,1.1464,1.0413,0.7642,240
3,5,10,8,5,5,0.6000,0.7264,1.0063,0.8782,0.7004,80
3,5,10,8,5,10,0.6000,0.7359,1.0841,0.9238,0.7055,80
3,5,10,8,10,5,0.6000,0.7280,1.0463,0.9015,0.7340,80
3,5,10,8,10,10,0.6000,0.7922,1.0418,0.9275,0.7130,149
3,5,10,8,15,5,0.6000,0.7746,1.1785,0.9954,0.6658,168
3,5,10,8,15,10,0.6000,0.8963,1.1180,1.0215,0.6982,238
3,10,10,4,5,5,0.6000,0.8773,1.1241,1.0119,0.6353,80
3,10,10,4,5,10,0.6000,0.8727,1.1449,1.0176,0.6574,85
3,10,10,4,10,5,0.6000,0.8773,1.1024,1.0013,0.6186,134
3,10,10,4,10,10,0.6000,0.9293,1.1268,1.0380,0.6870,186
3,10,10,4,15,5,0.6000,0.9180,1.2320,1.0864,0.6828,226
3,10,10,4,15,10,0.6000,1.0649,1.1295,1.0964,0.6339,305
3,10,10,6,5,5,0.6000,0.8440,1.0813,0.9758,0.6312,80
3,10,10,6,5,10,0.6000,0.8747,1.0717,0.9847,0.6224,80
3,10,10,6,10,5,0.6000,0.8678,1.0954,0.9941,0.6542,124
3,10,10,6,10,10,0.6000,0.9225,1.0963,1.0135,0.6748,190
3,10,10,6,15,5,0.6000,0.9032,1.1591,1.0432,0.6609,232
3,10,10,6,15,10,0.6000,1.0368,1.1357,1.0935,0.6541,318
3,10,15,4,5,5,0.6000,0.9657,1.1578,1.0678,0.6138,80
3,10,15,4,5,10,0.6000,0.9780,1.1901,1.0922,0.5888,80
3,10,15,4,10,5,0.6000,0.9835,1.1280,1.0665,0.6667,120
3,10,15,4,10,10,0.6000,1.0756,1.0416,1.0525,0.6234,187
3,10,15,4,15,5,0.6000,1.0749,1.1382,1.1140,0.6339,206
3,10,15,4,15,10,0.6000,1.2048,1.0190,1.0980,0.6316,295
3,10,15,6,5,5,0.6000,0.9632,1.1467,1.0678,0.5755,80
3,10,15,6,5,10,0.6000,0.9983,1.1293,1.0679,0.6195,81
3,10,15,6,10,5,0.6000,1.0151,1.0269,1.0212,0.5855,115
3,10,15,6,10,10,0.6000,1.0755,1.0161,1.0420,0.6456,179
3,10,15,6,15,5,0.6000,1.0333,1.0859,1.0649,0.6187,219
3,10,15,6,15,10,0.6000,1.2003,1.0294,1.1014,0.6300,302
3,10,20,4,5,5,0.6000,1.2456,1.1094,1.1722,0.5916,80
3,10,20,4,5,10,0.6000,1.2218,1.1481,1.1765,0.5828,80
3,10,20,4,10,5,0.6000,1.2264,1.0889,1.1481,0.5693,118
3,10,20,4,10,10,0.6000,1.3026,1.0397,1.1572,0.6119,161
3,10,20,4,15,5,0.6000,1.2648,1.0559,1.1460,0.5905,189
3,10,20,4,15,10,0.6000,1.4207,0.9460,1.1591,0.5513,277
3,10,20,6,5,5,0.6000,1.2088,1.1080,1.1532,0.5435,80
3,10,20,6,5,10,0.6000,1.1881,1.1439,1.1599,0.5748,80
3,10,20,6,10,5,0.6000,1.2128,1.1021,1.1508,0.5448,131
3,10,20,6,10,10,0.6000,1.2601,1.0776,1.1623,0.5943,178
3,10,20,6,15,5,0.6000,1.2513,1.0393,1.1341,0.5699,186
3,10,20,6,15,10,0.6000,1.3885,0.9271,1.1298,0.5979,267
3,20,10,4,5,5,0.6000,1.3260,1.0662,1.1836,0.7598,80
3,20,10,4,5,10,0.6000,1.3257,1.0443,1.1740,0.7726,111
3,20,10,4,10,5,0.6000,1.3318,1.0485,1.1746,0.7815,174
3,20,10,4,10,10,0.6000,1.3984,0.9978,1.1796,0.7178,227
3,20,10,4,15,5,0.6000,1.3815,1.0473,1.1977,0.7700,279
3,20,10,4,15,10,0.6000,1.5099,0.9412,1.2000,0.7544,383
3,20,10,6,5,5,0.6000,1.3079,1.0615,1.1674,0.7246,83
3,20,10,6,5,10,0.6000,1.3128,1.0358,1.1606,0.7938,110
3,20,10,6,10,5,0.6000,1.3371,1.0242,1.1626,0.7379,155
3,20,10,6,10,10,0.6000,1.4080,0.9800,1.1776,0.7449,217
3,20,10,6,15,5,0.6000,1.3843,1.0597,1.2095,0.7587,277
3,20,10,6,15,10,0.6000,1.5199,0.9365,1.1959,0.7124,385
3,20,15,4,5,5,0.6000,1.5004,0.9510,1.1993,0.6978,80
3,20,15,4,5,10,0.6000,1.4515,1.0232,1.2193,0.7448,101
3,20,15,4,10,5,0.6000,1.4854,0.9206,1.1748,0.7035,166
3,20,15,4,10,10,0.6000,1.5719,0.8298,1.1634,0.7686,222
3,20,15,4,15,5,0.6000,1.5300,0.8992,1.1842,0.7478,277
3,20,15,4,15,10,0.6000,1.7026,0.6561,1.1247,0.7045,369
3,20,15,6,5,5,0.6000,1.4576,0.9245,1.1601,0.7033,80
3,20,15,6,5,10,0.6000,1.4227,1.0070,1.1891,0.6901,98
3,20,15,6,10,5,0.6000,1.4839,0.8721,1.1445,0.6940,171
3,20,15,6,10,10,0.6000,1.5406,0.8690,1.1720,0.7129,223
3,20,15,6,15,5,0.6000,1.5162,0.9086,1.1856,0.7684,272
3,20,15,6,15,10,0.6000,1.6672,0.6729,1.1156,0.7210,384
3,20,20,4,5,5,0.6000,1.7011,0.7255,1.1645,0.7170,80
3,20,20,4,5,10,0.6000,1.6990,0.7552,1.1761,0.7249,97
3,20,20,4,10,5,0.6000,1.6852,0.7337,1.1590,0.7250,134
3,20,20,4,10,10,0.6000,1.8000,0.4065,1.0287,0.7103,209
3,20,20,4,15,5,0.6000,1.7748,0.5230,1.0902,0.7175,239
3,20,20,4,15,10,0.6000,1.8000,0.3644,1.0056,0.7822,337
3,20,20,6,5,5,0.6000,1.7154,0.6514,1.1307,0.7069,80
3,20,20,6,5,10,0.6000,1.6768,0.7621,1.1786,0.7078,100
3,20,20,6,10,5,0.6000,1.7338,0.6205,1.1175,0.7136,139
3,20,20,6,10,10,0.6000,1.7752,0.5192,1.0814,0.7397,202
3,20,20,6,15,5,0.6000,1.7627,0.5228,1.0806,0.7205,252
3,20,20,6,15,10,0.6000,1.8000,0.3484,1.0043,0.7241,340
4,2,10,8,6,3,0.6000,0.6171,1.0196,0.8355,0.7538,80
4,3,10,8,6,3,0.6000,0.6289,0.9897,0.8246,0.7848,80
4,5,10,8,6,3,0.6000,0.6459,1.0204,0.8484,0.7799,80
4,10,10,8,6,3,0.6000,0.8102,1.0622,0.9403,0.6717,80
4,20,10,8,6,3,0.6000,1.2794,1.0179,1.1436,0.8033,80
5,2,10,4,5,5,0.6082,0.6160,0.9946,0.8118,0.7605,80
5,2,10,4,5,10,0.6000,0.6466,1.0759,0.8684,0.7192,80
5,2,10,4,10,5,0.6000,0.6119,1.0041,0.8146,0.7213,80
5,2,10,4,10,10,0.6000,0.6897,1.0442,0.8736,0.7198,98
5,2,10,4,15,5,0.6000,0.7178,1.1340,0.9333,0.6862,114
5,2,10,4,15,10,0.6000,0.8235,1.1172,0.9752,0.7151,148
5,2,10,8,5,5,0.6000,0.5844,0.9802,0.7905,0.7899,80
5,2,10,8,5,10,0.6000,0.6524,1.0200,0.8440,0.7031,80
5,2,10,8,10,5,0.6000,0.6062,0.9597,0.7857,0.7194,80
5,2,10,8,10,10,0.6000,0.6655,0.9972,0.8358,0.7097,84
5,2,10,8,15,5,0.6000,0.7098,1.1373,0.9352,0.7257,121
5,2,10,8,15,10,0.6000,0.8288,1.0613,0.9507,0.7177,161
5,3,10,4,5,5,0.6403,0.5830,0.9891,0.7946,0.8107,80
5,3,10,4,5,10,0.6000,0.6153,1.0691,0.8504,0.6936,80
5,3,10,4,10,5,0.6000,0.5837,1.0471,0.8200,0.7323,98
5,3,10,4,10,10,0.6000,0.6436,1.0545,0.8621,0.7189,131
5,3,10,4,15,5,0.6000,0.6867,1.1803,0.9412,0.7580,151
5,3,10,4,15,10,0.6000,0.8043,1.1180,0.9663,0.6561,205
5,3,10,8,5,5,0.6022,0.5894,0.9844,0.7909,0.6900,80
5,3,10,8,5,10,0.6000,0.6317,1.0258,0.8382,0.7477,80
5,3,10,8,10,5,0.6000,0.6224,0.9619,0.7962,0.7294,94
5,3,10,8,10,10,0.6000,0.6864,1.0157,0.8611,0.7217,117
5,3,10,8,15,5,0.6000,0.7153,1.0829,0.9084,0.7012,135
5,3,10,8,15,10,0.6000,0.8022,1.0835,0.9472,0.7358,211
5,5,10,4,5,5,0.6506,0.6100,1.0274,0.8286,0.6610,80
5,5,10,4,5,10,0.6000,0.6328,1.0805,0.8662,0.6909,80
5,5,10,4,10,5,0.6000,0.6468,1.0008,0.8262,0.7603,122
5,5,10,4,10,10,0.6000,0.7072,1.0651,0.8906,0.7127,132
5,5,10,4,15,5,0.6000,0.7327,1.1755,0.9596,0.6471,195
5,5,10,4,15,10,0.6000,0.8345,1.1523,0.9951,0.6494,246
5,5,10,8,5,5,0.6212,0.6176,0.9623,0.7983,0.7503,80
5,5,10,8,5,10,0.6000,0.6219,1.0382,0.8343,0.6968,80
5,5,10,8,10,5,0.6000,0.6484,0.9535,0.8105,0.6726,125
5,5,10,8,10,10,0.6000,0.6974,1.0331,0.8701,0.7204,166
5,5,10,8,15,5,0.6000,0.7081,1.1002,0.9096,0.6858,176
5,5,10,8,15,10,0.6000,0.8447,1.1033,0.9755,0.6453,260
5,10,10,4,5,5,0.6000,0.7676,1.0677,0.9265,0.6356,80
5,10,10,4,5,10,0.6000,0.7733,1.0925,0.9350,0.5714,82
5,10,10,4,10,5,0.6000,0.8108,1.1018,0.9593,0.6307,156
5,10,10,4,10,10,0.6000,0.8766,1.0869,0.9853,0.6510,214
5,10,10,4,15,5,0.6000,0.8410,1.1945,1.0207,0.6505,255
5,10,10,4,15,10,0.6000,0.9582,1.1304,1.0461,0.6159,354
5,10,10,6,5,5,0.6000,0.7772,1.0335,0.9154,0.6022,80
5,10,10,6,5,10,0.6000,0.8134,1.0572,0.9376,0.6068,96
5,10,10,6,10,5,0.6000,0.8062,1.0271,0.9247,0.6424,138
5,10,10,6,10,10,0.6000,0.8424,1.0456,0.9501,0.6737,203
5,10,10,6,15,5,0.6000,0.8554,1.1234,0.9952,0.5720,246
5,10,10,6,15,10,0.6000,0.9786,1.1063,1.0493,0.6038,350
5,10,15,4,5,5,0.6000,0.9254,1.1360,1.0328,0.6085,80
5,10,15,4,5,10,0.6000,0.9533,1.1275,1.0473,0.6162,96
5,10,15,4,10,5,0.6000,0.9295,1.0758,1.0058,0.6129,144
5,10,15,4,10,10,0.6000,0.9682,1.0741,1.0241,0.5847,196
5,10,15,4,15,5,0.6000,0.9967,1.0735,1.0330,0.5496,213
5,10,15,4,15,10,0.6000,1.1442,1.0351,1.0841,0.6070,332
5,10,15,6,5,5,0.6000,0.9105,1.0777,0.9970,0.5559,80
5,10,15,6,5,10,0.6000,0.9316,1.1241,1.0293,0.5442,95
5,10,15,6,10,5,0.6000,0.9129,1.0445,0.9793,0.6007,138
5,10,15,6,10,10,0.6000,1.0038,1.0213,1.0159,0.5895,190
5,10,15,6,15,5,0.6000,1.0130,1.0454,1.0286,0.6063,236
5,10,15,6,15,10,0.6000,1.1322,0.9911,1.0564,0.6445,337
5,10,20,4,5,5,0.6000,1.1689,1.1248,1.1506,0.5375,80
5,10,20,4,5,10,0.6000,1.1325,1.1526,1.1462,0.5317,80
5,10,20,4,10,5,0.6000,1.1533,1.1045,1.1256,0.5404,125
5,10,20,4,10,10,0.6000,1.2479,1.0502,1.1409,0.5489,191
5,10,20,4,15,5,0.6000,1.2076,1.0565,1.1243,0.5293,222
5,10,20,4,15,10,0.6000,1.3286,0.9875,1.1543,0.5889,315
5,10,20,6,5,5,0.6000,1.1315,1.1482,1.1357,0.5779,80
5,10,20,6,5,10,0.6000,1.1597,1.1365,1.1493,0.5721,80
5,10,20,6,10,5,0.6000,1.1612,1.0499,1.1030,0.5254,116
5,10,20,6,10,10,0.6000,1.2401,1.0459,1.1409,0.5847,190
5,10,20,6,15,5,0.6000,1.2004,1.0207,1.1061,0.5607,215
5,10,20,6,15,10,0.6000,1.3255,0.9568,1.1295,0.5297,313
5,20,10,4,5,5,0.6000,1.2291,1.1001,1.1610,0.7109,80
5,20,10,4,5,10,0.6000,1.2438,1.1008,1.1743,0.7275,102
5,20,10,4,10,5,0.6000,1.2349,1.0663,1.1482,0.7416,196
5,20,10,4,10,10,0.6000,1.3105,1.0066,1.1510,0.6782,264
5,20,10,4,15,5,0.6000,1.2931,1.1109,1.2014,0.7351,291
5,20,10,4,15,10,0.6000,1.4563,0.9453,1.1910,0.7561,418
5,20,10,6,5,5,0.6000,1.2545,1.0550,1.1514,0.7420,80
5,20,10,6,5,10,0.6000,1.2486,1.0289,1.1305,0.7775,119
5,20,10,6,10,5,0.6000,1.2489,1.0425,1.1453,0.7462,188
5,20,10,6,10,10,0.6000,1.3433,0.9830,1.1542,0.6828,258
5,20,10,6,15,5,0.6000,1.2906,1.0828,1.1827,0.7149,320
5,20,10,6,15,10,0.6000,1.4323,0.9439,1.1821,0.7540,440
5,20,15,4,5,5,0.6000,1.4178,1.0043,1.1995,0.7007,84
5,20,15,4,5,10,0.6000,1.3843,1.0080,1.1926,0.6704,113
5,20,15,4,10,5,0.6000,1.3905,0.9800,1.1777,0.7003,179
5,20,15,4,10,10,0.6000,1.5029,0.8617,1.1688,0.6488,255
5,20,15,4,15,5,0.6000,1.4539,0.9655,1.2017,0.7066,304
5,20,15,4,15,10,0.6000,1.6253,0.7649,1.1785,0.7182,419
5,20,15,6,5,5,0.6000,1.3797,0.9755,1.1679,0.7104,81
5,20,15,6,5,10,0.6000,1.4115,0.9821,1.1889,0.6682,111
5,20,15,6,10,5,0.6000,1.4272,0.9047,1.1568,0.7063,179
5,20,15,6,10,10,0.6000,1.4999,0.8367,1.1576,0.6747,238
5,20,15,6,15,5,0.6000,1.4361,0.9058,1.1625,0.6835,293
5,20,15,6,15,10,0.6000,1.5904,0.7581,1.1570,0.7159,394
5,20,20,4,5,5,0.6000,1.6516,0.7676,1.1901,0.6545,80
5,20,20,4,5,10,0.6000,1.6355,0.8166,1.2079,0.6829,111
5,20,20,4,10,5,0.6000,1.6394,0.7912,1.2014,0.6659,163
5,20,20,4,10,10,0.6000,1.6984,0.6934,1.1709,0.7308,245
5,20,20,4,15,5,0.6000,1.6635,0.7321,1.1822,0.7052,269
5,20,20,4,15,10,0.6000,1.8000,0.3367,1.0422,0.6662,381
5,20,20,6,5,5,0.6000,1.6434,0.7548,1.1837,0.6960,80
5,20,20,6,5,10,0.6000,1.6332,0.8080,1.2054,0.6548,108
5,20,20,6,10,5,0.6000,1.6623,0.6894,1.1540,0.6550,174
5,20,20,6,10,10,0.6000,1.6890,0.7054,1.1822,0.6874,236
5,20,20,6,15,5,0.6000,1.6819,0.6705,1.1517,0.6734,275
5,20,20,6,15,10,0.6000,1.8000,0.3728,1.0550,0.6951,395
6,2,10,8,3,1,0.6000,0.6473,0.9971,0.8284,0.6503,80
6,2,10,8,3,2,0.6000,0.6289,0.9871,0.8096,0.7155,80
6,2,10,8,3,3,0.6000,0.6267,0.9871,0.8064,0.6847,80
6,2,10,8,3,4,0.6000,0.6368,0.9702,0.8007,0.7060,80
6,2,10,8,4,1,0.6000,0.6400,0.9757,0.8129,0.6872,80
6,2,10,8,4,2,0.6000,0.6178,0.9676,0.7944,0.6486,80
6,2,10,8,4,3,0.6000,0.6171,0.9828,0.8046,0.6914,80
6,2,10,8,4,4,0.6000,0.5904,0.9328,0.7632,0.6528,80
6,2,10,8,5,1,0.6000,0.6400,0.9474,0.7985,0.7167,80
6,2,10,8,5,2,0.6000,0.6168,0.9337,0.7730,0.6454,80
6,2,10,8,5,3,0.6000,0.5822,0.9226,0.7499,0.6928,80
6,2,10,8,5,4,0.6000,0.5901,0.9466,0.7747,0.7274,80
6,2,10,8,6,1,0.6000,0.6063,0.9564,0.7856,0.7670,80
6,2,10,8,6,2,0.6000,0.5949,0.9321,0.7632,0.7388,80
6,2,10,8,6,3,0.6000,0.5928,0.9023,0.7534,0.7419,80
6,2,10,8,6,4,0.6000,0.5433,0.8984,0.7211,0.6968,80
6,2,10,8,7,1,0.6000,0.6125,0.9632,0.7877,0.6916,80
6,2,10,8,7,2,0.6000,0.5871,0.9428,0.7618,0.6860,80
6,2,10,8,7,3,0.6000,0.5580,0.8922,0.7276,0.7063,80
6,2,10,8,7,4,0.6000,0.5419,0.9253,0.7307,0.7649,80
6,3,10,8,3,1,0.6000,0.6446,0.9694,0.8059,0.7481,80
6,3,10,8,3,2,0.6000,0.6164,0.9993,0.8092,0.6730,80
6,3,10,8,3,3,0.6000,0.6074,0.9845,0.7952,0.7373,80
6,3,10,8,3,4,0.6000,0.5783,1.0159,0.7997,0.7218,80
6,3,10,8,4,1,0.6000,0.6043,0.9693,0.7838,0.6602,80
6,3,10,8,4,2,0.6000,0.6295,0.9625,0.7946,0.6539,80
6,3,10,8,4,3,0.6002,0.6132,0.9699,0.7965,0.6853,80
6,3,10,8,4,4,0.6000,0.6066,0.9535,0.7819,0.6356,80
6,3,10,8,5,1,0.6000,0.6009,0.9451,0.7731,0.7313,80
6,3,10,8,5,2,0.6045,0.5819,0.9281,0.7612,0.6835,80
6,3,10,8,5,3,0.6048,0.5673,0.9143,0.7415,0.7127,80
6,3,10,8,5,4,0.6000,0.5830,0.9479,0.7716,0.6841,80
6,3,10,8,6,1,0.6000,0.5639,0.9395,0.7559,0.6844,80
6,3,10,8,6,2,0.6032,0.5709,0.9299,0.7550,0.6369,80
6,3,10,8,6,3,0.6000,0.5400,0.9380,0.7370,0.7024,80
6,3,10,8,6,4,0.6000,0.5790,0.8814,0.7269,0.7054,80
6,3,10,8,7,1,0.6000,0.5853,0.9599,0.7726,0.6925,80
6,3,10,8,7,2,0.6000,0.5587,0.9233,0.7381,0.7294,80
6,3,10,8,7,3,0.6000,0.5479,0.8922,0.7177,0.7570,80
6,3,10,8,7,4,0.6158,0.5553,0.9149,0.7405,0.6916,80
6,5,3,1,6,3,0.6286,0.9009,1.1606,1.0327,0.5772,80
6,5,3,2,6,3,0.6532,0.8514,1.1607,1.0070,0.6360,80
6,5,3,3,6,3,0.7095,0.8657,1.1110,0.9868,0.6743,80
6,5,4,1,6,3,0.6726,0.8357,1.1627,0.9961,0.6408,80
6,5,4,2,6,3,0.7472,0.8080,1.1433,0.9741,0.6952,80
6,5,4,3,6,3,0.7437,0.8068,1.1252,0.9710,0.7031,80
6,5,4,4,6,3,0.7937,0.7984,1.1031,0.9554,0.7484,80
6,5,5,1,6,3,0.6871,0.7838,1.1396,0.9638,0.6581,80
6,5,5,2,6,3,0.7636,0.7645,1.1010,0.9380,0.6779,80
6,5,5,3,6,3,0.7779,0.7572,1.0674,0.9168,0.6298,80
6,5,5,4,6,3,0.7952,0.7235,1.0865,0.9093,0.6732,80
6,5,5,5,6,3,0.8214,0.7480,1.0394,0.8997,0.7055,80
6,5,6,1,6,3,0.7337,0.7666,1.1089,0.9417,0.6693,80
6,5,6,2,6,3,0.7624,0.7614,1.0995,0.9298,0.6391,80
6,5,6,3,6,3,0.7933,0.7021,1.0601,0.8803,0.7197,80
6,5,6,4,6,3,0.8450,0.7168,1.0135,0.8682,0.7573,80
6,5,6,5,6,3,0.8540,0.7085,0.9875,0.8473,0.7616,80
6,5,6,5,6,4,0.8700,0.7050,1.0331,0.8659,0.6868,80
6,5,6,6,6,3,0.8196,0.7141,0.9974,0.8583,0.6930,80
6,5,10,8,3,1,0.6000,0.6861,1.0053,0.8495,0.6531,80
6,5,10,8,3,2,0.6000,0.6732,1.0138,0.8497,0.6464,80
6,5,10,8,3,3,0.6001,0.6714,0.9788,0.8264,0.6604,80
6,5,10,8,3,4,0.6000,0.6188,1.0124,0.8149,0.6751,80
6,5,10,8,4,1,0.6181,0.6441,0.9806,0.8142,0.6695,80
6,5,10,8,4,2,0.6206,0.6218,0.9788,0.8002,0.6571,80
6,5,10,8,4,3,0.6177,0.6387,0.9867,0.8140,0.6472,80
6,5,10,8,4,4,0.6000,0.6375,0.9539,0.7999,0.6645,80
6,5,10,8,5,1,0.6323,0.6202,0.9480,0.7858,0.6195,80
6,5,10,8,5,2,0.6000,0.6396,0.9217,0.7807,0.6355,80
6,5,10,8,5,3,0.6301,0.6255,0.9181,0.7749,0.6718,80
6,5,10,8,5,4,0.6411,0.6271,0.9597,0.7915,0.6614,80
6,5,10,8,6,1,0.6120,0.6333,0.9694,0.7981,0.6886,80
6,5,10,8,6,2,0.6296,0.5973,0.9559,0.7809,0.6832,80
6,5,10,8,6,3,0.6183,0.6141,0.8968,0.7594,0.6967,80
6,5,10,8,6,4,0.6202,0.5937,0.9186,0.7564,0.6911,80
6,5,10,8,7,1,0.6000,0.6415,0.9302,0.7848,0.6362,80
6,5,10,8,7,2,0.6181,0.5970,0.9580,0.7765,0.6367,80
6,5,10,8,7,3,0.6039,0.5849,0.8989,0.7484,0.6394,80
6,5,10,8,7,4,0.6576,0.5958,0.8977,0.7446,0.6980,80
6,10,10,8,6,3,0.6000,0.7756,1.0125,0.8963,0.5761,80
6,20,10,8,6,3,0.6000,1.2119,1.0444,1.1259,0.7114,80
7,2,10,4,5,5,0.6000,0.5479,0.9648,0.7527,0.7036,80
7,2,10,4,5,10,0.6000,0.5801,1.0199,0.7933,0.7139,80
7,2,10,4,10,5,0.6000,0.5999,0.9994,0.8006,0.6622,80
7,2,10,4,10,10,0.6000,0.6586,1.0153,0.8325,0.6225,80
7,2,10,4,15,5,0.6000,0.6896,1.1404,0.9058,0.6975,97
7,2,10,4,15,10,0.6000,0.7822,1.0911,0.9353,0.6797,136
7,2,10,8,5,5,0.6000,0.5734,0.9340,0.7498,0.6236,80
7,2,10,8,5,10,0.6000,0.5797,0.9527,0.7664,0.6580,80
7,2,10,8,10,5,0.6000,0.5600,0.9702,0.7617,0.6172,80
7,2,10,8,10,10,0.6000,0.6547,0.9600,0.8052,0.6899,92
7,2,10,8,15,5,0.6000,0.6881,1.0766,0.8746,0.6722,111
7,2,10,8,15,10,0.6000,0.7820,1.0584,0.9204,0.6391,155
7,3,10,4,5,5,0.6204,0.5689,0.9340,0.7452,0.6236,80
7,3,10,4,5,10,0.6000,0.5994,1.0014,0.7959,0.6720,80
7,3,10,4,10,5,0.6000,0.5531,1.0048,0.7775,0.6298,87
7,3,10,4,10,10,0.6000,0.6301,1.0367,0.8255,0.6309,94
7,3,10,4,15,5,0.6000,0.6775,1.1295,0.9034,0.6858,117
7,3,10,4,15,10,0.6000,0.7690,1.1313,0.9480,0.6510,171
7,3,10,6,7,5,0.6000,0.4738,0.8313,1.0503,0.5531,80
7,3,10,8,5,5,0.6000,0.5367,0.9228,0.7290,0.6382,80
7,3,10,8,5,10,0.6000,0.5702,1.0095,0.7872,0.6794,80
7,3,10,8,10,5,0.6000,0.5791,0.9575,0.7628,0.6597,89
7,3,10,8,10,10,0.6000,0.6161,0.9863,0.7972,0.6986,103
7,3,10,8,15,5,0.6000,0.6352,1.1086,0.8671,0.6497,109
7,3,10,8,15,10,0.6000,0.7421,1.0720,0.9044,0.6011,189
7,5,10,4,5,5,0.6230,0.5660,0.9938,0.7761,0.6912,80
7,5,10,4,5,10,0.6000,0.6182,1.0296,0.8188,0.6236,80
7,5,10,4,10,5,0.6017,0.5756,1.0322,0.7983,0.6033,101
7,5,10,4,10,10,0.6000,0.6547,1.0309,0.8390,0.5734,139
7,5,10,4,15,5,0.6000,0.7085,1.1133,0.9024,0.5856,166
7,5,10,4,15,10,0.6000,0.7850,1.1224,0.9478,0.6193,245
7,5,10,8,5,5,0.6000,0.5912,0.9039,0.7481,0.6388,80
7,5,10,8,5,10,0.6000,0.5857,1.0040,0.7928,0.6807,80
7,5,10,8,10,5,0.6000,0.5770,0.9517,0.7608,0.6061,94
7,5,10,8,10,10,0.6000,0.6597,0.9692,0.8095,0.6030,150
7,5,10,8,15,5,0.6000,0.6668,1.0938,0.8807,0.6340,172
7,5,10,8,15,10,0.6000,0.8106,1.0306,0.9220,0.5878,245
7,10,10,4,5,5,0.6000,0.7587,1.0380,0.8922,0.5488,80
7,10,10,4,5,10,0.6000,0.7498,1.1055,0.9238,0.5638,86
7,10,10,4,10,5,0.6000,0.7339,1.0865,0.9048,0.5572,146
7,10,10,4,10,10,0.6000,0.8045,1.0898,0.9475,0.5571,187
7,10,10,4,15,5,0.6000,0.8497,1.1124,0.9776,0.5421,207
7,10,10,4,15,10,0.6000,0.9481,1.0862,1.0203,0.5363,303
7,10,10,6,5,5,0.6000,0.7361,1.0093,0.8704,0.5950,80
7,10,10,6,5,10,0.6000,0.7355,1.0326,0.8766,0.5426,91
7,10,10,6,10,5,0.6000,0.7365,1.0420,0.8849,0.5735,138
7,10,10,6,10,10,0.6000,0.7945,1.0504,0.9180,0.5070,190
7,10,10,6,15,5,0.6000,0.7991,1.1324,0.9667,0.5661,207
7,10,10,6,15,10,0.6000,0.9106,1.0937,0.9998,0.4888,315
7,10,15,4,5,5,0.6000,0.8917,1.0850,0.9872,0.5262,80
7,10,15,4,5,10,0.6000,0.8670,1.1009,0.9808,0.5307,80
7,10,15,4,10,5,0.6000,0.9011,1.0261,0.9669,0.4890,133
7,10,15,4,10,10,0.6000,0.9517,1.0294,0.9867,0.4827,167
7,10,15,4,15,5,0.6000,0.9411,1.0904,1.0149,0.4611,219
7,10,15,4,15,10,0.6000,1.0514,1.0272,1.0424,0.4746,304
7,10,15,6,5,5,0.6000,0.8548,1.0606,0.9584,0.5700,80
7,10,15,6,5,10,0.6000,0.8953,1.0769,0.9869,0.5233,80
7,10,15,6,10,5,0.6000,0.9082,1.0407,0.9750,0.5200,139
7,10,15,6,10,10,0.6000,0.9317,1.0001,0.9645,0.4963,186
7,10,15,6,15,5,0.6000,0.9419,1.0443,0.9956,0.4809,197
7,10,15,6,15,10,0.6000,1.0554,1.0444,1.0452,0.5202,300
7,10,20,4,5,5,0.6000,1.0904,1.1820,1.1354,0.4991,80
7,10,20,4,5,10,0.6000,1.0867,1.1479,1.1160,0.4746,80
7,10,20,4,10,5,0.6000,1.1366,1.1120,1.1252,0.4811,129
7,10,20,4,10,10,0.6000,1.1620,1.0984,1.1309,0.4589,167
7,10,20,4,15,5,0.6000,1.1888,1.0363,1.1108,0.4965,190
7,10,20,4,15,10,0.6000,1.2873,0.9652,1.1265,0.4771,283
7,10,20,6,5,5,0.6000,1.0944,1.1272,1.1099,0.4909,80
7,10,20,6,5,10,0.6000,1.0981,1.1407,1.1183,0.4509,80
7,10,20,6,10,5,0.6000,1.1057,1.0471,1.0734,0.4909,115
7,10,20,6,10,10,0.6000,1.1525,1.0382,1.0979,0.4812,164
7,10,20,6,15,5,0.6000,1.1717,1.0430,1.1044,0.4638,210
7,10,20,6,15,10,0.6000,1.2748,0.9672,1.1258,0.4332,280
7,20,10,4,5,5,0.6000,1.2242,1.0412,1.1353,0.6206,80
7,20,10,4,5,10,0.6000,1.2070,1.0622,1.1332,0.6447,110
7,20,10,4,10,5,0.6000,1.1944,1.0732,1.1356,0.6603,175
7,20,10,4,10,10,0.6000,1.3000,1.0206,1.1645,0.5920,246
7,20,10,4,15,5,0.6000,1.2664,1.1300,1.1967,0.6519,288
7,20,10,4,15,10,0.6000,1.3768,0.9991,1.1910,0.6383,397
7,20,10,6,5,5,0.6000,1.2335,1.0213,1.1288,0.5984,80
7,20,10,6,5,10,0.6000,1.1732,1.0774,1.1238,0.6031,110
7,20,10,6,10,5,0.6000,1.2089,1.0610,1.1378,0.6640,169
7,20,10,6,10,10,0.6000,1.2493,1.0305,1.1461,0.6320,240
7,20,10,6,15,5,0.6000,1.2811,1.0349,1.1612,0.6070,287
7,20,10,6,15,10,0.6000,1.3705,1.0165,1.2012,0.6267,402
7,20,15,4,5,5,0.6000,1.3540,1.0003,1.1849,0.6267,80
7,20,15,4,5,10,0.6000,1.3529,1.0159,1.1835,0.6409,80
7,20,15,4,10,5,0.6000,1.3563,0.9743,1.1739,0.5693,143
7,20,15,4,10,10,0.6000,1.4533,0.9222,1.1924,0.5801,214
7,20,15,4,15,5,0.6000,1.4188,0.9360,1.1846,0.6026,250
7,20,15,4,15,10,0.6000,1.5441,0.8300,1.1981,0.5793,377
7,20,15,6,5,5,0.6000,1.3325,1.0221,1.1775,0.6437,80
7,20,15,6,5,10,0.6000,1.3477,1.0271,1.1871,0.5779,104
7,20,15,6,10,5,0.6000,1.3430,0.9595,1.1557,0.5989,162
7,20,15,6,10,10,0.6000,1.4447,0.8925,1.1752,0.5825,229
7,20,15,6,15,5,0.6000,1.4069,0.9394,1.1757,0.6230,254
7,20,15,6,15,10,0.6000,1.5851,0.7749,1.1881,0.6035,370
7,20,20,4,5,5,0.6000,1.5664,0.8673,1.2262,0.5834,80
7,20,20,4,5,10,0.6000,1.5477,0.9424,1.2505,0.6235,80
7,20,20,4,10,5,0.6000,1.5714,0.8591,1.2179,0.6202,149
7,20,20,4,10,10,0.6000,1.6352,0.7735,1.2133,0.6203,194
7,20,20,4,15,5,0.6000,1.6363,0.7707,1.2151,0.6055,253
7,20,20,4,15,10,0.6000,1.7825,0.4711,1.1387,0.5917,362
7,20,20,6,5,5,0.6000,1.5810,0.8210,1.2091,0.6606,80
7,20,20,6,5,10,0.6000,1.5666,0.8545,1.2156,0.6462,91
7,20,20,6,10,5,0.6000,1.5947,0.8222,1.2176,0.6055,153
7,20,20,6,10,10,0.6000,1.6556,0.7240,1.2033,0.6088,213
7,20,20,6,15,5,0.6000,1.6247,0.7511,1.1966,0.6446,247
7,20,20,6,15,10,0.6000,1.7886,0.4207,1.1180,0.6710,358
8,2,10,8,6,3,0.6000,0.5607,0.9072,0.7240,0.6184,80
8,3,10,8,6,3,0.6000,0.5351,0.9234,0.7164,0.6477,80
8,5,10,8,6,3,0.6000,0.6089,0.9290,0.7597,0.6375,80
8,10,10,8,6,3,0.6000,0.7905,1.0086,0.8953,0.5462,80
8,20,10,8,6,3,0.6000,1.2523,0.9587,1.1131,0.5741,80
9,2,10,8,6,3,0.6000,0.6051,0.9342,0.7611,0.6311,80
9,3,10,8,6,3,0.6000,0.5762,0.9437,0.7501,0.6055,80
9,5,10,8,6,3,0.6000,0.6267,0.9769,0.7861,0.6096,80
9,10,10,4,5,5,0.6000,0.7788,1.0951,0.9220,0.4855,80
9,10,10,4,5,10,0.6000,0.7890,1.1244,0.9432,0.5239,80
9,10,10,4,10,5,0.6000,0.7926,1.0750,0.9246,0.5036,115
9,10,10,4,10,10,0.6000,0.8686,1.1009,0.9789,0.4859,178
9,10,10,4,15,5,0.6000,0.8457,1.2072,1.0166,0.5083,205
9,10,10,4,15,10,0.6000,0.9628,1.1307,1.0436,0.5107,284
9,10,10,6,5,5,0.6000,0.7687,1.0636,0.9043,0.5060,80
9,10,10,6,5,10,0.6000,0.8081,1.0355,0.9139,0.5360,80
9,10,10,6,10,5,0.6000,0.8098,1.0445,0.9160,0.5479,115
9,10,10,6,10,10,0.6000,0.8598,1.0394,0.9448,0.4979,156
9,10,10,6,15,5,0.6000,0.8343,1.1502,0.9749,0.4801,209
9,10,10,6,15,10,0.6000,0.9869,1.0635,1.0224,0.4404,253
9,10,15,4,5,5,0.6000,0.9290,1.0793,0.9936,0.5014,80
9,10,15,4,5,10,0.6000,0.9036,1.1411,1.0130,0.4746,80
9,10,15,4,10,5,0.6000,0.9272,1.0704,0.9937,0.4588,96
9,10,15,4,10,10,0.6000,0.9686,1.1010,1.0254,0.4528,164
9,10,15,4,15,5,0.6000,0.9772,1.1064,1.0362,0.4686,165
9,10,15,4,15,10,0.6000,1.1147,1.0349,1.0757,0.4528,273
9,10,15,6,5,5,0.6000,0.9331,1.0922,1.0077,0.4926,80
9,10,15,6,5,10,0.6000,0.9080,1.1330,1.0079,0.5121,80
9,10,15,6,10,5,0.6000,0.9403,1.0349,0.9868,0.4508,111
9,10,15,6,10,10,0.6000,0.9907,1.0374,1.0128,0.4732,161
9,10,15,6,15,5,0.6000,0.9780,1.0585,1.0141,0.4643,198
9,10,15,6,15,10,0.6000,1.1065,1.0177,1.0627,0.4552,254
9,10,20,4,5,5,0.6000,1.1497,1.1427,1.1431,0.4856,80
9,10,20,4,5,10,0.6000,1.1535,1.1504,1.1503,0.4295,80
9,10,20,4,10,5,0.6000,1.1501,1.1139,1.1326,0.4773,95
9,10,20,4,10,10,0.6000,1.2473,1.0479,1.1597,0.4405,145
9,10,20,4,15,5,0.6000,1.2106,1.0431,1.1382,0.4402,189
9,10,20,4,15,10,0.6000,1.3631,0.9727,1.1839,0.4091,260
9,10,20,6,5,5,0.6000,1.1303,1.1562,1.1428,0.4051,80
9,10,20,6,5,10,0.6000,1.1389,1.1464,1.1434,0.4196,80
9,10,20,6,10,5,0.6000,1.1351,1.1168,1.1294,0.4807,110
9,10,20,6,10,10,0.6000,1.2201,1.0636,1.1521,0.4291,158
9,10,20,6,15,5,0.6000,1.1931,1.0644,1.1366,0.4830,184
9,10,20,6,15,10,0.6000,1.3609,0.9478,1.1715,0.4493,249
9,20,10,4,10,10,0.6000,1.3110,1.0414,1.1856,0.6041,191
